user,cat_id,img_name
Blagica,4,d363d665.jpeg
Nal,0,0e749738.png
Blagica,3,c66d5c26.jpeg
Nal,1,4d5049d3.png
jnez,0,662f40a9.jpg
Nal,2,fd64bab2.jpg
Bobi,1,13c3316e.jpeg
jnez,1,3e77d947.jpg
Nal,3,7640f152.png
Blagica,1,8c77ff13.jpeg
jnez,2,5dd73efa.jpg
Nal,4,91874390.png
Nal,-1,03c4c40e.jpg
Bobi,2,8849b105.png
Blagica,2,bfa0c3b6.jpeg
jnez,3,0641f2e1.jpg
Blagica,0,fe12584c.jpeg
jnez,4,9ccac217.jpg
Lara,-1,4ff053b1.jpg
jnez,-1,e31df6ca.jpg
Niko,0,4ca73c90.png
Duši,0,8d50d2e5.jpg
Bobi,4,3ddfe49f.png
jnez,-1,a65e9e6b.jpg
jnez,-1,54901de9.png
Duši,1,8688f2f3.jpg
Bobi,3,d80a81e3.png
Niko,1,a9317d62.jpeg
Spela,2,52258dd6.gif
Niko,2,7d974670.png
Duši,2,bdf1830c.jpg
Lara,-1,f12613b3.jpg
Niko,3,7dbaabd4.png
Spela,4,cf6b490c.gif
Niko,4,7051c9d5.jpeg
Duši,3,6defdb1b.jpg
Niko,-1,8b4deb08.png
Lara,0,df73f9d7.jpg
Niko,-1,aa36f38e.gif
Niko,-1,e7ea6252.png
Duši,4,8cc83287.jpg
Lara,1,56daddf0.jpg
Niko,-1,035c3e63.png
Lara,2,c27b8170.jpg
neza,0,12323bd9.jpeg
Niko,-1,37534d61.jpeg
Duši,-1,71db9245.jpg
Bobi,0,6d4bb83a.jpg
neza,1,22ce1cc1.jpeg
Lara,3,8fc472f5.jpg
Niko,-1,39e9bd53.png
neza,2,a27ea2f9.jpeg
Lara,4,5f256cae.jpg
Bobi,-1,7e5ac50c.jpg
neza,3,2bd83921.jpeg
neza,4,a8fa4895.jpeg
Lara,-1,5fe71268.jpg
Niko,-1,e7cb0733.gif
Bobi,-1,d89be258.jpg
neza,-1,e22b27e9.jpeg
Niko,-1,1e9c1de6.png
Duši,-1,116968b6.jpg
neza,-1,1979f325.gif
Niko,-1,205479ac.png
Bobi,-1,6aa70f01.jpg
neza,-1,a0c90d6a.jpeg
neza,-1,62a7b39d.jpeg
neza,-1,c4fea651.jpeg
Bobi,-1,2fe3a82a.jpg
neza,-1,48de7972.jpeg
neza,-1,e19b4186.gif
Spela,0,3d9260b2.JPG
Spela,3,58eef90d.JPG
Spela,1,367d6069.gif
matic,0,1b14051f.JPG
matic,1,8efbbd81.JPG
matic,-1,1ab56985.JPG
matic,2,ad40d2fb.JPG
matic,3,267f2b26.JPG
matic,4,c0382ca3.JPG
matic,-1,d36c18fd.JPG
matic,-1,28133886.JPG
